{"cameraMode":{"drawMode":0,"name":"Shaded","section":"Shading Mode"},"sceneLighting":false,"audioPlay":false,"sceneViewState":{"showFog":true,"showMaterialUpdate":false,"showSkybox":true,"showFlares":true,"showImageEffects":true,"showParticleSystems":true},"in2DMode":false,"pivot":{"x":342.05487060546877,"y":165.3109130859375,"z":-0.003920325078070164},"rotation":{"x":0.085324726998806,"y":-0.09370385855436325,"z":0.008060406893491745,"w":0.9919044375419617},"size":1253.2474365234375,"orthographic":false}