{"cameraMode":{"drawMode":0,"name":"Shaded","section":"Shading Mode"},"sceneLighting":true,"audioPlay":false,"sceneViewState":{"showFog":true,"showMaterialUpdate":true,"showSkybox":true,"showFlares":true,"showImageEffects":true,"showParticleSystems":true},"in2DMode":false,"pivot":{"x":0.19773465394973756,"y":1.6145931482315064,"z":0.24999311566352845},"rotation":{"x":-0.015309171751141549,"y":0.004779154434800148,"z":-0.00007296236435649917,"w":-0.9998714327812195},"size":3.684417724609375,"orthographic":false}