{"cameraMode":{"drawMode":0,"name":"Shaded","section":"Shading Mode"},"sceneLighting":false,"audioPlay":false,"sceneViewState":{"showFog":true,"showMaterialUpdate":false,"showSkybox":true,"showFlares":true,"showImageEffects":true,"showParticleSystems":true},"in2DMode":false,"pivot":{"x":639.2509765625,"y":294.91302490234377,"z":-0.5009999871253967},"rotation":{"x":0.15857776999473573,"y":0.026961684226989747,"z":-0.004332090727984905,"w":0.9869688153266907},"size":0.9527085423469544,"orthographic":false}