{"cameraMode":{"drawMode":0,"name":"Shaded","section":"Shading Mode"},"sceneLighting":false,"audioPlay":false,"sceneViewState":{"showFog":true,"showMaterialUpdate":false,"showSkybox":true,"showFlares":true,"showImageEffects":true,"showParticleSystems":true},"in2DMode":false,"pivot":{"x":0.21160414814949037,"y":1.940000057220459,"z":0.0004953891038894653},"rotation":{"x":-0.06225302070379257,"y":0.781739354133606,"z":-0.07907473295927048,"w":-0.615431010723114},"size":0.829783022403717,"orthographic":false}