{"cameraMode":{"drawMode":0,"name":"Shaded","section":"Shading Mode"},"sceneLighting":false,"audioPlay":false,"sceneViewState":{"showFog":true,"showMaterialUpdate":false,"showSkybox":true,"showFlares":true,"showImageEffects":true,"showParticleSystems":true},"in2DMode":false,"pivot":{"x":0.21146628260612489,"y":0.09852397441864014,"z":-0.009471256285905838},"rotation":{"x":-0.009309183806180954,"y":-0.012625961564481259,"z":0.00011824587272712961,"w":-0.9998770356178284},"size":1.3344206809997559,"orthographic":false}