{"cameraMode":{"drawMode":0,"name":"Shaded","section":"Shading Mode"},"sceneLighting":false,"audioPlay":false,"sceneViewState":{"showFog":true,"showMaterialUpdate":false,"showSkybox":true,"showFlares":true,"showImageEffects":true,"showParticleSystems":true},"in2DMode":false,"pivot":{"x":-0.18894100189208985,"y":1.3516429662704468,"z":-0.21554329991340638},"rotation":{"x":0.0018153416458517314,"y":0.7379937767982483,"z":0.0019853736739605667,"w":-0.6748022437095642},"size":4.341658592224121,"orthographic":false}