{"cameraMode":{"drawMode":0,"name":"Shaded","section":"Shading Mode"},"sceneLighting":true,"audioPlay":false,"sceneViewState":{"showFog":true,"showMaterialUpdate":true,"showSkybox":true,"showFlares":true,"showImageEffects":true,"showParticleSystems":true},"in2DMode":false,"pivot":{"x":0.0001226961612701416,"y":0.5023742914199829,"z":0.21403837203979493},"rotation":{"x":-0.015309171751141549,"y":0.004779154434800148,"z":-0.00007296236435649917,"w":-0.9998714327812195},"size":3.384417772293091,"orthographic":false}