{"cameraMode":{"drawMode":0,"name":"Shaded","section":"Shading Mode"},"sceneLighting":false,"audioPlay":false,"sceneViewState":{"showFog":true,"showMaterialUpdate":false,"showSkybox":true,"showFlares":true,"showImageEffects":true,"showParticleSystems":true},"in2DMode":false,"pivot":{"x":-0.30098748207092287,"y":1.8114193677902222,"z":0.4674355089664459},"rotation":{"x":-0.06225302070379257,"y":0.781739354133606,"z":-0.07907473295927048,"w":-0.615431010723114},"size":1.7139458656311036,"orthographic":false}