{"cameraMode":{"drawMode":0,"name":"Shaded","section":"Shading Mode"},"sceneLighting":false,"audioPlay":false,"sceneViewState":{"showFog":true,"showMaterialUpdate":false,"showSkybox":true,"showFlares":true,"showImageEffects":true,"showParticleSystems":true},"in2DMode":false,"pivot":{"x":0.126056969165802,"y":2.809248685836792,"z":0.4892966151237488},"rotation":{"x":0.47045233845710757,"y":0.03360268846154213,"z":0.017931504175066949,"w":-0.8816031217575073},"size":2.8578836917877199,"orthographic":false}